MsftReturn,WmtReturn
3.622350674,-1.533360961
-7.549274823,-0.042087542
2.212389381,1.2
2.164502165,3.411691284
4.275808937,-3.520418427
-15.14591799,-5.191826522
-10.79669134,-4.926325049
12.1522694,6.476983576
-8.572671889,-1.477297415

